{"convertions": {"USDAED": 3.67304, "USDAFN": 90.692241, "USDALL": 115.078545, "USDAMD": 406.807171, "USDANG": 1.806306, "USDAOA": 431.591802, "USDARS": 132.420156, "USDAUD": 1.431567, "USDAWG": 1.795, "USDAZN": 1.690798, "USDBAM": 1.92395, "USDBBD": 2.02349, "USDBDT": 94.93601, "USDBGN": 1.920275, "USDBHD": 0.376994, "USDBIF": 2065.465241, "USDBMD": 1, "USDBND": 1.383869, "USDBOB": 6.890327, "USDBRL": 5.2827, "USDBSD": 1.002154, "USDBTC": 4.361954e-05, "USDBTN": 79.292825, "USDBWP": 12.638729, "USDBYN": 2.529621, "USDBYR": 19600, "USDBZD": 2.019073, "USDCAD": 1.28211, "USDCDF": 2001.000059, "USDCHF": 0.959995, "USDCLF": 0.033038, "USDCLP": 911.619944, "USDCNY": 6.756297, "USDCOP": 4313.07, "USDCRC": 669.735645, "USDCUC": 1, "USDCUP": 26.5, "USDCVE": 108.46609, "USDCZK": 24.201603, "USDDJF": 178.416502, "USDDKK": 7.304799, "USDDOP": 54.603221, "USDDZD": 145.043984, "USDEGP": 19.130801, "USDERN": 15, "USDETB": 52.754556, "USDEUR": 0.981405, "USDFJD": 2.18875, "USDFKP": 0.842337, "USDGBP": 0.8206, "USDGEL": 2.735033, "USDGGP": 0.842337, "USDGHS": 8.669123, "USDGIP": 0.842337, "USDGMD": 54.774977, "USDGNF": 8667.433923, "USDGTQ": 7.752207, "USDGYD": 209.790623, "USDHKD": 7.84995, "USDHNL": 24.65806, "USDHRK": 7.374203, "USDHTG": 119.767648, "USDHUF": 389.220231, "USDIDR": 14922, "USDILS": 3.350745, "USDIMP": 0.842337, "USDINR": 79.324503, "USDIQD": 1462.77187, "USDIRR": 42350.000365, "USDISK": 136.529711, "USDJEP": 0.842337, "USDJMD": 153.330186, "USDJOD": 0.708976, "USDJPY": 134.125983, "USDKES": 119.198322, "USDKGS": 83.137498, "USDKHR": 4110.136145, "USDKMF": 485.494926, "USDKPW": 899.999992, "USDKRW": 1309.319649, "USDKWD": 0.30679, "USDKYD": 0.835161, "USDKZT": 475.914103, "USDLAK": 15238.741663, "USDLBP": 1515.549457, "USDLKR": 357.774335, "USDLRD": 153.549712, "USDLSL": 16.813081, "USDLTL": 2.952741, "USDLVL": 0.60489, "USDLYD": 4.861943, "USDMAD": 10.312718, "USDMDL": 19.342796, "USDMGA": 4216.605184, "USDMKD": 60.610681, "USDMMK": 1855.552375, "USDMNT": 3144.659992, "USDMOP": 8.103426, "USDMRO": 356.999828, "USDMUR": 45.549325, "USDMVR": 15.350291, "USDMWK": 1028.712803, "USDMXN": 20.411898, "USDMYR": 4.458015, "USDMZN": 63.830175, "USDNAD": 16.810197, "USDNGN": 416.690244, "USDNIO": 35.985087, "USDNOK": 9.69998, "USDNPR": 126.862904, "USDNZD": 1.58495, "USDOMR": 0.38453, "USDPAB": 1.002194, "USDPEN": 3.938637, "USDPGK": 3.531292, "USDPHP": 55.666999, "USDPKR": 228.261964, "USDPLN": 4.63385, "USDPYG": 6878.547329, "USDQAR": 3.641005, "USDRON": 4.834505, "USDRSD": 115.194983, "USDRUB": 60.562497, "USDRWF": 1045.28777, "USDSAR": 3.757673, "USDSBD": 8.244163, "USDSCR": 12.795416, "USDSDG": 570.000175, "USDSEK": 10.170698, "USDSGD": 1.378845, "USDSHP": 1.377402, "USDSLL": 13845.000229, "USDSOS": 580.999711, "USDSRD": 24.572501, "USDSTD": 20697.981008, "USDSVC": 8.769686, "USDSYP": 2512.529433, "USDSZL": 16.786484, "USDTHB": 36.020386, "USDTJS": 10.267862, "USDTMT": 3.5, "USDTND": 3.1685, "USDTOP": 2.340104, "USDTRY": 17.965403, "USDTTD": 6.802286, "USDTWD": 30.007702, "USDTZS": 2332.000428, "USDUAH": 36.834096, "USDUGX": 3889.099288, "USDUSD": 1.000268, "USDUYU": 40.769832, "USDUZS": 10966.957514, "USDVND": 23398, "USDVUV": 118.896025, "USDWST": 2.72097, "USDXAF": 645.239571, "USDXAG": 0.049456, "USDXAU": 0.000562, "USDXCD": 2.70255, "USDXDR": 0.756874, "USDXOF": 645.239571, "USDXPF": 117.950029, "USDYER": 250.250636, "USDZAR": 16.75116, "USDZMK": 9001.191881, "USDZMW": 16.069997, "USDZWL": 321.999592}, "datetime": "2022-08-04 05:17:32.989296"}