{"convertions": {"USDAED": 3.673101, "USDAFN": 90.431228, "USDALL": 114.650057, "USDAMD": 405.950297, "USDANG": 1.804784, "USDAOA": 431.591798, "USDARS": 132.636535, "USDAUD": 1.439688, "USDAWG": 1.795, "USDAZN": 1.701476, "USDBAM": 1.921474, "USDBBD": 2.021811, "USDBDT": 94.854395, "USDBGN": 1.920301, "USDBHD": 0.377036, "USDBIF": 2063.573309, "USDBMD": 1, "USDBND": 1.380469, "USDBOB": 6.874128, "USDBRL": 5.251897, "USDBSD": 1.001326, "USDBTC": 4.3634763e-05, "USDBTN": 79.406656, "USDBWP": 12.62708, "USDBYN": 2.527901, "USDBYR": 19600, "USDBZD": 2.018372, "USDCAD": 1.28756, "USDCDF": 2000.999768, "USDCHF": 0.960555, "USDCLF": 0.033038, "USDCLP": 912.250146, "USDCNY": 6.752799, "USDCOP": 4293.1, "USDCRC": 669.185047, "USDCUC": 1, "USDCUP": 26.5, "USDCVE": 108.328094, "USDCZK": 24.135052, "USDDJF": 178.256342, "USDDKK": 7.31469, "USDDOP": 54.560549, "USDDZD": 145.092413, "USDEGP": 19.131797, "USDERN": 15, "USDETB": 52.71543, "USDEUR": 0.982805, "USDFJD": 2.19305, "USDFKP": 0.842337, "USDGBP": 0.82703, "USDGEL": 2.735001, "USDGGP": 0.842337, "USDGHS": 8.511121, "USDGIP": 0.842337, "USDGMD": 54.774996, "USDGNF": 8658.780996, "USDGTQ": 7.745688, "USDGYD": 209.490593, "USDHKD": 7.84995, "USDHNL": 24.639297, "USDHRK": 7.383297, "USDHTG": 118.163106, "USDHUF": 388.876977, "USDIDR": 14895.65, "USDILS": 3.347325, "USDIMP": 0.842337, "USDINR": 79.31655, "USDIQD": 1461.517678, "USDIRR": 42350.000429, "USDISK": 136.31991, "USDJEP": 0.842337, "USDJMD": 153.182752, "USDJOD": 0.709796, "USDJPY": 133.718497, "USDKES": 119.150003, "USDKGS": 83.018039, "USDKHR": 4107.804317, "USDKMF": 485.496527, "USDKPW": 899.999992, "USDKRW": 1307.439781, "USDKWD": 0.30679, "USDKYD": 0.834398, "USDKZT": 477.875585, "USDLAK": 15231.727567, "USDLBP": 1514.005286, "USDLKR": 360.506003, "USDLRD": 153.549934, "USDLSL": 16.795715, "USDLTL": 2.95274, "USDLVL": 0.604889, "USDLYD": 4.875966, "USDMAD": 10.303277, "USDMDL": 19.325264, "USDMGA": 4213.084314, "USDMKD": 60.532676, "USDMMK": 1854.119693, "USDMNT": 3144.659992, "USDMOP": 8.096621, "USDMRO": 356.999828, "USDMUR": 44.639997, "USDMVR": 15.350285, "USDMWK": 1028.482586, "USDMXN": 20.38314, "USDMYR": 4.458009, "USDMZN": 63.830355, "USDNAD": 16.810193, "USDNGN": 417.190259, "USDNIO": 35.953235, "USDNOK": 9.77117, "USDNPR": 127.052015, "USDNZD": 1.59326, "USDOMR": 0.384927, "USDPAB": 1.001326, "USDPEN": 3.917866, "USDPGK": 3.528475, "USDPHP": 55.603011, "USDPKR": 224.565132, "USDPLN": 4.637547, "USDPYG": 6872.012537, "USDQAR": 3.641014, "USDRON": 4.843301, "USDRSD": 115.330037, "USDRUB": 61.148969, "USDRWF": 1029.237525, "USDSAR": 3.757455, "USDSBD": 8.244163, "USDSCR": 12.743817, "USDSDG": 570.000238, "USDSEK": 10.19341, "USDSGD": 1.379397, "USDSHP": 1.377402, "USDSLL": 13844.999773, "USDSOS": 581.000299, "USDSRD": 24.572499, "USDSTD": 20697.981008, "USDSVC": 8.761605, "USDSYP": 2512.529433, "USDSZL": 16.758493, "USDTHB": 35.930502, "USDTJS": 10.243349, "USDTMT": 3.5, "USDTND": 3.1685, "USDTOP": 2.340096, "USDTRY": 17.950202, "USDTTD": 6.785479, "USDTWD": 30.005496, "USDTZS": 2333.59896, "USDUAH": 36.799525, "USDUGX": 3885.111901, "USDUSD": 1.000268, "USDUYU": 41.086859, "USDUZS": 10934.157268, "USDVND": 23398, "USDVUV": 118.896025, "USDWST": 2.72097, "USDXAF": 644.481998, "USDXAG": 0.049984, "USDXAU": 0.000563, "USDXCD": 2.70255, "USDXDR": 0.758004, "USDXOF": 644.475666, "USDXPF": 117.949987, "USDYER": 250.25012, "USDZAR": 16.75256, "USDZMK": 9001.195467, "USDZMW": 16.056236, "USDZWL": 321.999592}, "datetime": "2022-08-04 08:40:33.840204"}